baslik,sarki_sozu
"Ahımı, Hicranımı Sakladım","Ahımı, hicranımı sakladım, gizli tuttum
Gönlümü yıllar yılı hayalinle avuttum
O gençlik günlerimiz dönmez asla geriye
Yazık ki dönse bile sevdayı unuttum"
Ah Bu Şarkıların Gözü Kör Olsun,"Öyle dudak büküp hor gözle bakma
Bırak küçük dağlar yerinde dursun
Çoktan unuturdum ben seni, çoktan
Ah bu şarkıların gözü kör olsun

Güzelsen güzelsin yok mu benzerin
Goncadır ilk hali bütün güllerin
Aklımda kalmazdı yüzün, ellerin
Ah bu şarkıların gözü kör olsun

Bir gülüşün var ki kaş çatar gibi
En sıcak sözlerin ayarlar gibi
Hiç bağlanır mıydım çoçuklar gibi
Ah bu şarkıların gözü kör olsun

Sonunda tuz bastım gönül yarama
Nice dağlar koydun nice arama
Seni terkedip de gitmek var ama
Ah bu şarkıların gözü kör olsun"
Al Goncayı Deremedim,"Al goncayı deremedim / Yâr yüksekte eremedim
İşlediğim çevreleri / Bahçesine seremedim
Yârim seni vermem / Seni vermem ellere
Bu aşk beni destan etti dillere

Evlerinde bahar olsam / Yâr göğsünde açıp solsam
Kokladıkça kalbe dolsam / Ben bu aşkta safâ bulsam
Safâ bulsam, Vefâ bulsam
Yârim seni vermem / Seni vermem ellere
Bu aşk beni destan etti dillere"
Arabaya Taş Koydum,"Arabaya taş koydum/hanımım/Ben bu yola baş koydum
Seni gelecek diye/hanımım/Bir yanımı boş koydum
Kekliğim vak vak, ufak ufak ufak bas
Aç kolların sar boynuma/İster öldür ister as
Arabası dört teker/hanımım/Beyoğlu'na kum çeker
Beyoğlu'nun kızları hanımım/İşmar eder, göz süzer"
Anar Ömrünce Gönül,"Seninle doğan gülüdür bu gönül
Ah bu gönül şarkıları
Dilindeki bülbülüdür bu gönül
Ah bu gönül şarkıları
Dolu sevgi tasında gönül
Bir gençlik masasında
İkimiz arasında gönül
Ah bu gönül şarkıları"
Ağlama Sevdam,"Gözyaşımın her damlası sevgidir
Şu hasretlik zor gelse de çekilir
Bir gün olur bu acılar silinir
Ağlama sevdam ağlama sevdam ağlama

Benden ayrı gezme gülüm amandır
Sensiz benim gönül evim talandır
Bu dünya da bir muhabbet kalandır
Ağlama sevdam ağlama sevdam ağlama"
Alın Yazımsın,"Kapıldım sana bir mecnun gibi
Bir gün görmeden duramıyorum
Gündüzüm gecem dilimde hecem
Seni sevmeye kıyamıyorum

Alın yazımsın gönül sazımsın
Aşkım gururum bitmez nazımsın

Yağmurum yazım kışım baharım
Bir tatlı sözüm bir güler yüzüm
Gözlerimde yaş damarda kanım

Alın yazımsın gönül sazımsın
Aşkım gururum bitmez nazımsın

Ümidim arzum şansım kaderim
Hayat yoldaşım gönül sırdaşım
Aydınlık dünyam toz pembe rüyam
Bir yudum suyum bir lokma aşım

Alın yazımsın gönül sazımsın
Aşkım gururum bitmez nazımsın"
"Ağlamakla, İnlemekle Ömrüm Geçip Gidiyor","Ağlamakla, inlemekle ömrüm geçip gidiyor
Devâsı yok, garip gönlüm günden güne / ah / eriyor
Feryâdıma, efgânıma kimse bir ses vermiyor
Devâsı yok, garip gönlüm günden güne / ah / eriyor"
Ah Nideyim Sahn-ı Çemen,"Ah nideyim sahn-ı çemen seyrini cananım yok
Ah bir yanımca salınır servi hıramanım yok
Yar yar hayranın olam yar
Dost dost kurbanın olam dost
Yellelli yele la la la ömrüm yele la li
Gel servi yele la la la mirim yele la li
Ah bir yanımca salınır servi hıramanım yok"
Anlatamam Bu Aşkın Hikayesi Derindir,"Anlatamam bu aşkın hikayesi derindir
Beni kaç yıl inleten o güzel gözlerindir
Gönlüm senin esirin kalbim senin yerindir
Beni kaç yıl inleten o güzel gözlerindir"
Adanın Yeşil Çamları,"Adanın yeşil çamları aşkımıza yer olsun
Ne çâre ayırdı felek, kalplerimiz bir olsun
İpek saçından bir tel ver bana yadigâr olsun
Ne çâre ayırdı felek, kalplerimiz bir olsun"
Ben Küskünüm Feleğe,"Ben küskünüm feleğe
Düştüm bitmez çileye
Nerelere gideyim
Kara bahtım gülmeye
Ben küskünüm feleğe
Düştüm bitmez çileye
Ben ne ettim feleğe
Verdi bana bu derdi
Yıllardır hep ağlattın
Şu gönlüm güldürmedi
Ben küskünüm feleğe
Düştüm bitmez çileye"
Bakmıyor Çeşm-i Siyah Feryâde,"Bakmıyor çeşm-i siyah feryâde
Yetiş ey gamze yetiş imdâde
Gelmiyor hançer-i ebru dâda
Yetiş ey gamze yetiş imdâde"
Bak Yeşil Yeşil,"Kapat gözlerini kimse görmesin
Yalnız benim için bak yeşil yeşil
Gözlerin kimseye ümit vermesin
Yalnız benim için bak yeşil yeşil

Seni öyle sevdim ölürcesine
Tanrı' nın yazdığı şiircesine
İçimden geçeni bilircesine
Yalnız benim için bak yeşil yeşil"
Benim Yarim Gelişinden,"Benim yarim gelişinden bellidir
Ak elleri deste deste güllüdür
İbrişim kuşaklı ince bellidir
İnce bellerini sar dedi bana

Gel gel aman gelişine
Gül gül aman gülüşüne kurban olayım

Karacoğlan sırrın kime danışır
Siyah zülfün mâh yüzüne kıvrışır
Ayrılanlar bir gün olur kavuşur
Ağlama sevdiğim gel dedi bana

Gel gel aman gelişine
Gül gül aman gülüşüne hayran olayım

Mestinede deli gönül mestine
Aşık olan gül gönderir dostuna
İpek mendilini attı üstüme
Terlersen sevdiğim sil dedi bana

Gel gel aman gelişine
Gül gül aman gülüşüne kurban olayım"
Ben Gamlı Hazan,"Ben gamlı hazan sense bahar dinle de vazgeç
Sen kendine kendin gibi bir taze bahar seç
Olmaz meleğim böyle bir aşk bende vakit geç
Sen kendine kendin gibi bir taze bahar seç"
Beni Kör Kuyularda Merdivensiz Bıraktın,"Beni kör kuyularda merdivensiz bıraktın
Denizler ortasında bak yelkensiz bıraktın
Öylesine yıktınki bütün inançlarımı
Beni sensiz bıraktın, beni bensiz bıraktın"
Bekledim De Gelmedin,"Bekledim de gelmedin / Sevdiğimi bilmedin
Gözyaşımı silmedin / Hiç mi beni sevmedin

Söyle, söyle hiç mi beni sevmedin

Bir öpücük ver bana / Yalvarıyorum sana
Beni kucaklasana / Kollarına alsana

Söyle, söyle hiç mi beni sevmedin"
Bahçemde Açılmaz,"Bahçemde açılmaz seni görmezse çiçekler
Sahil seni, rüzgar seni, akşam senin bekler
Gelmezsen eğer mevsimi nereden bilecekler
Sahil seni, rüzgar seni, akşam seni bekler"
Bahar Gelmiş Neyleyim,"Bahar gelmiş neyleyim
Neyleyim baharı yazı, sen olmayınca
Eleleydik bir zamanlar
Gözgözeydik, dizdizeydik
Bizbizeydik bir zamanlar
Yaz oldu, bahar oldu şu yalancı dünyada

Hayat güzeldi seninyanında
Yalanmış aşkın, yazık ki aldandım
Ümit verirken güzeldi dünyaya
Seven yanarmış, yazık sana kandım
Bahar gelmiş neyleyim
Neyleyim ah sen olmayınca"
Bana Yardan Vazgeç Derler,"Bana yardan vazgeç derler
Ben geçerim gönül geçmez
Üftadesi çoktur derler
Ben geçerim gönül geçmez

Aşkına düştüm ne çare
Gönül düştü ahu zare
Çekerseler beni dara
Ben geçerim gönül geçmez"
Benden Ayrılsan Da Yine,"Benden ayrılsan da yine, yine gönlüm sendedir
Neye baksam, neyi görsem, yine kalbim sendedir
Benim sensin bütün zevkim, bütün ruhum, hayatım
Neye baksam neyi görsem, yine kalbim senindir"
Beklenen Şarkı,"Gözlerinin içine başka hayal girmesin
Bana ait çizgiler dikkat et silinmesin
İstersen yum gözlerini tıpkı düşünür gibi
Benden evvel başkası bakıp seni görmesin

Kıskanırdım seni ben kendi gözümden bile
Nasıl verirdim seni bir gün yabancı ele
Sana gelen yollarda daima beni bekle
Benden evvel başkası bakıp seni görmesin"
Cânâ Rakibi Handân Edersin,"Cânâ rakibi handân edersin
Ben bi-nevâyı giryân edersin
Bigânelerle ünsiyet etme
Bana cihanı zindân edersin

Akıtma çeşmim gel mest-i nâzım
Âfâk-ı eşki ummân edersin
Süzme kerem kıl çeşm-i siyâhım
Zirâ ki havfım berkaam edersin"
Canımın Yoldaşı Ol,"Canımın yoldaşı ol
Gönlüme bin neş'e bırak
Ah sevgilim sevgilim gönlüme bin neş'e bırak
Beni sev öpte uyut ah
Bağrına bas kırma sakın
Ah sevgilim sevgilim bağrına bas kırma sakın
Kara sevda gibi ah hülyama süzül kalbime ak
Ah sevgilim sevgilim hülyama süzül kalbime ak
Seni ahım kavurur ah başkasını sarma sakın"
Çamlarda Şafak Rengi Gibi Gönlüme Aktın,"Çamlarda şafak rengi gibi gönlüme aktın
Her nûr-i nigâhında benim ruhumu yaktın
Lakin güzelim söyle niçin benden uzaksın
Her nûr-i nigâhında benim ruhumu yaktın"
Çile Bülbülüm Çile,"Bülbülüm gel de dile
Söyle benimle bile
Sesini duyur ele
Çile bülbülüm çile

Müjde ey güzel kuşum
Bahara erdi kışım
Gülüyor içim dışım
Çile bülbülüm çile

Issız yuvanda tektin
Çekilmez çile çektin
Kim derdi gülecektin
Çile bülbülüm çile"
Çıksam Şu Dağların,"Çıksam şu dağların yücelerine
Eş olsam gurbetin gecelerine
İmrenir dururum nicelerine
Bir ben mi murada eremiyorum

Bağrımda bir yangın yanar tutuşur
Görünmez dallarda kuşlar ötüşür
Bir gönlüm var benim yanar tutuşur
Bir ben mi murada eremiyorum"
Çok Geceler Bekledim,"Çok geceler bekledim
Belki gelirsin diye
Gözyaşımı silmedim
Acır silersin diye

Kalbimi hep boş tuttum
Gelir girersin diye
Kimseleri sevmedim
Bana dönersin diye

Geçti artık çaresiz
Hicranlarla dolu ömrüm
Hatıra kaldı bana
Acı dolu her günüm

Şimdi artık bahçemde
Ötmez oldu bülbülüm
Seviyorum deseydin
Uğruna ben ölürdüm"
Çerkez Kızı,"Yüreğimde ince sızı
Sen ol bahtımın yıldızı
Deme sakın kalp hırsızı
Seviyorum çerkez kızı

İnanmazsın belki aşka
Gir gönlüme sen de yaşa
Çalma beni taştan taşa
Seviyorum çerkez kızı

Bir ateş düştü özüme
Darılma sakın sözüme
Dünya sensiz dar gözüme
Seviyorum çerkez kızı"
Çözülme Zülfüne Ey Dil-rübâ,"Çözülme zülfüne ey dil-rübâ dil bağlayanlardan
Kaçınma âteş-i aşkınla bağrın dağlayanlardan
Düşer mi ictinâb etmek seninçün ağlayanlardan
Sirişk-i çeşmimin bak farkı var mı çağlayanlardan"
Çaya İner Ağlarım,"Çaya iner ağlarım,gülü deste bağlarım
Birisi kendim için,biri yare yollarım
Oy anam niye niye
Öldüm yar diye diye

Çaya indim susuzum,kaç gündür uykusuzum
Varsam yarın yanına,dilim durmaz huysuzum
Oy anam niye niye
Öldüm yar diye diye"
Çayır İnce Biçemedim,"Çayır ince biçemedim
Soğuk sular içemedim
Bana yardan geç diyorlar
Yar tatlıdır geçemedim

Olur desinler olmaz desinler
Herkes beni sana vurgun desinler
Meram bağlarında kaldı desinler

Elinizden elinizden
Ben kurtulsam dilinizden
Yeşil başlı ördek olsam
Sular içmem elinizden

Olur desinler olmaz desinler
Herkes beni sana vurgun desinler
Meram bağlarında kaldı desinler"
Çok Yalnızım,"Hayatta bu ilk aşkım
Kaderle ilk oyunum
Kırılmış bir dal gibi
Bükülü kaldı boynum

Çok yalnızım ama çok
Nasıl şey anlayamam
Öldüm mü hiç soran yok
Ben böyle yaşayamam

Dünyada sanki bir ben
Bir de bitmeyen çilem
Gözyaşı seli basmış
Hâlâ dolmuyor neden?

Çok yalnızım ama çok
Nasıl şey anlayamam
Öldüm mü hiç soran yok
Ben böyle yaşayamam"
Çamlıca Yolunda,"Çamlıca yolunda / Aşığı kolunda / İşleri yolunda
O benim sağımda / Ben onun solunda / Çamlıca yolunda

Çamlıca bağları / Yemyeşil dağları / İlkbahar çağları
Cennetten haberdir / Emsalsiz bir yerdir / Çamlıca bağları

Çamlıca tepesi / Güzeldir gezmesi / Mehtaplı gecesi
Herkesin hevesi / Almaktır nefesi / Çamlıca tepesi

Çamlıca güzeldir / Sevdiğim dilberdir / Sözleri sitemdir
Gönlüme girendir / Hüznümü görendir / Çamlıca güzeldir"
Duydum Ki Unutmuşsun,"Sözler:
Duydum ki unutmuşsun gözlerimin rengini
Yazık olmuş o gözlerden sana akan yaşlara
Bir zamanlar sevginle ateşlenen başımı
Dizlerinin yerine dayasaydım taşlara

Hani bendim yedi renk hani tende can idim
Hani gündüz hayalin geceler rüyan idim
Demek ki senin için aşk değil yalan idim
Acırım heder olan o en güzel yıllara"
Dertli,"Dertli ne ağlayıp gezersin burda
Ağlatırsa mevlam yine güldürür
Nice aşık kondu göçtü buradan
Ağlatırsa mevlam yine güldürür

Sevdaya salma şu garip başını
Akıtır gözünden kanlı yaşını
Kerimdir onarır kulun işini
Ağlatırsa mevlam yine güldürür"
Dönülmez Akşamın Ufkundayız,"Sözler:
Dönülmez akşamın ufkundayız vakit çok geç
Bu son fasıldır ey ömrüm nasıl geçersen geç
Cihana bir daha gelmek hayal edilse bile
Avunmak istemeyiz böyle bir teselliyle
Aah geniş kanatları boşlukta simsiyah açılan
ve arkasında güneş doğmayan büyük kapıdan
Geçince başlayacak bitmeyen sükunlu gece
Gruba karşı bu son bahçelerde keyfince
Ya şevk içinde harap ol ya aşk içinde gönül
Ya lale açmalıdır göğsümüzde yahut gül
Aah dönülmez akşamın ufkundayız vakit çok geç"
Değdi Saçlarıma,"Değdi saçlarıma bahar çiçeği
Nazende sevgilim yadıma düştü
Sevenin bahtına bir güzel düşer
Sen de tek sevgilim bahtıma düştün
Nazende sevgilim aklıma düştün

Gözlerim yoldadır kulağım seste
Ben seni unutmam en son nefeste
Ey ceylan bakışlım ey boyu beste
Sen de tek sevgilim bahtıma düştün
Nazende sevgilim aklıma düştün"
Derdimi Anlatırdım,"Derdimi anlatırdım ıssız geceler aya
Ne kadar acı çektim günleri saya saya
Benimçün yanan kalbin şimdi sönmüş bir kaya
Ne kadar acı çektim günleri saya saya"
Düriye’ min Güğümleri Kalaylı,"Düriye’ min güğümleri kalaylı
Fistan giymiş etekleri alaylı
Düriye’ mi aldatması kolay mı
Ah alırım dedin de aldattın beni
Üç teli saz ile oynattın beni
Giyme dedim giydin sen bu alleri
Başıma getirdin türlü halleri
Düşman ettin bana bütün elleri
Ah alırım dedin de aldattın beni
Üç teli saz ile oynattın beni"
Dün Gece Mehtâba Dalıp,"Dün gece mehtâba dalıp hep seni andım
Öyle bir an geldi ki mehtâb seni sandım
Sevgili rüyana mı aldın beni bir dem
Öyle bir an geldi ki mehtâb seni sandım"
Dağlar Dağlar Viran Dağlar,"Dağlar dağlar viran dağlar
Yüzüm güler kalbim ağlar
Yüreğimden kanlar damlar
Bir olaydı bir olaydı ne olur benim olaydı

Edirne köprüsü taştan
Sen çıkardın beni baştan
Hem anadan hem kardaştan
Bir olaydı bir olaydı ne olur benim olaydı"
Dertliyim Ruhuma Hicrânımı,"Dertliyim ruhuma hicrânımı sardım da yine
İnlerim şimdi uzaklarda solan gün gibiyim
Gecenin rengini kattım içimin matemine
Sönen ümid ile günden güne ölgün gibiyim

Bahtımın yıldızı sanmıştım seni
Sensiz karanlıktır her günüm, Leyla
Ayrılık Mecnun’ a döndürdü beni
Dertliyim yürekten, üzgünüm Leyla

Sevda yaman bir çile / Çekenler düşer dile
Ayrılık ölüm gibi / Giden gelmiyor, Leyla

Gülüm yaprağım soldu / Gönlüme hazân doldu
Bir ömür harâb oldu / Onu bilmiyor Leyla"
Dilşad Olacak Diye,"Dilşad olacak diye kaç yıl avuttu felek
Saçıma karlar yağmış boşuna yaz beklemek
Ne bülbül dile geldi ne de açtı bir çiçek
Saçıma karlar yağmış boşuna yaz beklemek"
Dalında Solarken,"Dalında solarken akşamın gülü
Ufuktan çözülmüş güneşin tülü
Dinlerken kırlarda yanık bülbülü
İçmesem bir türlü içsem bir türlü

Akşam üstü çatmış muhabbet demi
Kurmuştur erenler meclis-i cemi
Başımda eserken hicran meltemi
İçmesem bir türlü içsem bir türlü"
Erkilet Güzeli,"Erkilet güzeli bağlar bozuyor amanın aman
Kirpikleri kalem olmuş yazıyor canım
Tek tek basaraktan,bade süzerekten,inci dizerekten
Gel canım gel aman

Cevizin yaprağı dal arasında amanın aman
Severler güzeli bağ arasında canım
Tek tek basaraktan,bade süzerekten,inci dizerekten
Gel canım gel aman"
El Çek Tabib,"El çek tabib el çek yaram üstünden
Sen benim derdime devâ bilmezsin
Lokman hekim gelse bulunmaz çare
Yaram yürektedir sarabilmezsin

İçerim yanıyor dışım havai
Çekmeyen ne bilir aşkı sevdayı
Felek viran etti gönlüm sarayı
Yaram yürektedir sarabilmezsin"
Ey Güzel İstanbul Benim Sevgili Yarim,"ey güzel istanbul, benim sevgili yarim
güzelliğin aksetmiş boğazın sularına
benim her şeyim sensin seninle bahtiyarım
ah o kızlar sarılmış sinene kollarına

ah güzel istanbul ey şirin istanbul
ah güzel istanbul sen benim canımsın

bir gönül macerası anlatıyor dalgalar
mavi sular söylüyor kalbimin ninnisini
mavi sular söylüyor kalbimin türküsünü
ruhuma semalardan dökülen müjdeler var
duyuyorum gönlüme sevdasının indiğini

ah güzel istanbul ey şirin istanbul
ah güzel istanbul sen benim canımsın"
Elâ Gözlerine Kurban Oldugum,"Elâ gözlerine kurban oldugum
Yüzüne bakmaya doyamadım ben
İbret için gelmiş derler cihana
Noktadır benlerin savamadım ben
Ayamadım ben, doyamadım ben
Noktadır benlerin sayamadım ben
Aşkın ateşidir sînemi yakan
Lûtfuna erer mi cevrini çeken
Kollarını boynuma dolamış iken
Seni öpmelere kıyamadım ben
Ayamadım ben, doyamadım ben
Seni öpmelere kıyamadım ben"
Elbet Bir Gün Buluşacağız,"Elbet bir gün buluşacağız bu böyle yarım kalmayacak
İkimizinde saçları ak öyle durup bakışacağız
Belki bir deniz kenarında elele maziyi konuşacağız
Benim içimde yanar ateş var sevgilim ne zaman buluşacağız"
Estergon Kalası,"Estergon kalası bre dilber aman subaşı durak
Kemirir gönlümü bre dilber aman bir sinsi firak
Gönül yar peşinde bre dilber aman yar ondan ırak
Akma Tuna akma bre şahin aman ben bir dertliyim
Yar peşinde koşan bre dilber aman yandım kara bahtlıyım"
Ellere Uzaktan Bak,"Ellere uzaktan bak bana yakın gel
Göğsüne menekşeler, güller takın gel
Kalbimin üstüne yat, cana yakın gel
Göğsüne menekşeler, güller takın gel"
Ezelden Aşinanım,"Ezelden aşinanım ben ezelden hep zebanımsın
Beraber ahde bağlandık ne yapsan yari canımsın
Ne olsam zerrenim kalbimde halâ çarpar esrarın
Gel ey canan gel ey can kalkasın ferdaya didarın"
Enginde Yavaş Yavaş,"Enginde yavaş yavaş günün minesi soldu
Derdim bana arkadaş bugün de akşam oldu
Gölgeler indi suya kuşlar vardı uykuya
Gurbeti duya duya bugün de akşam oldu
Su uyur fısıldaşır gider yare ulaşır
Yolcu yolda yaraşır bugün de akşam oldu"
Endülüste Raks,"Zil, şal ve gül, bu bahçede raksın bütün hızı
Şevk akşamında Endülüs, üç defa kırmızı
Aşkın sihirli şarkısı, yüzlerce dildedir
İspanya neş'esiyle bu akşam bu zildedir

Yelpaze gibi çevrilir birden dönüşleri
İşveyle devriliş, saçılış, örtünüşleri
Her rengi istemez gözümüz şimdi aldadır
İspanya dalga dalga bu akşam bu şaldadır

Alnında halka halkadır âşufte kâkülü
Göğsünde yosma Gırnata'nın en güzel gülü
Altın kadeh her elde, güneş her gönüldedir
İspanya varlığıyla bu akşam bu güldedir

Raks ortasında bir durup oynar, yürür gibi
Bir baş çevirmesiyle bakar öldürür gibi
Gül tenli, kor dudaklı, kömür gözlü, sürmeli
Şeytan diyorki sarmalı, yüz kerre öpmeli
Gözler kamaştıran şala, meftûn eden güle
Her kalbi dolduran zile, her sineden ole!ENDÜLÜSTE RAKS"
Ey But-i Nev Eda,"Ey but-i nev eda olmuşum müptela
Aşıkım ben sana iltifat et bana yar yar

Gördüğümden beri olmuşum serseri
Ben denim ey peri aşıkım ben sana yar yar"
Ellerim Böyle Boş,"Ellerim böyle boş, boş mu kalacaktı
Gözümde hep böyle yaş, yaş mı olacaktı
Aramızda sıra dağlar, dağlar mı olacaktı
Üzülme sen meleğim, gün olur kavuşuruz
Ecel ayırsa bile mahşerde buluşuruz
Biz de mi böyle, böyle olacaktık
Bu en güzel çağda yas mı tutacaktık"
Fındıklı Bizim Yolumuz,"Fındıklı bizim yolumuz eşim aman aman
Hovarda hovarda çıktı da soyumuz
Bu bizim eski de huyumuz eşim aman aman
Sen hancı ben yolcu çatma da kaşların
Sar dola boynuma kolların

Fındıklı'dan gelir geçersin eşim aman aman
Salına salına sigara da içersin
Ne alır ne ne vazgeçersin eşim aman aman
Sen hancı ben yolcu çatma da kaşların
Sar dola boynuma kolların"
Feraye,"Ferayedir benim adım
Ferayedir yar yandım aman esmer yarime
Yandım aman Feraye

Türkmen de gızı
Karaplanmış mayayı öf yar
Yandım aman esmer yarime
Aman da aman Feraye

Hop tirinina ninanay
Ninanay ninaninanom
Hayde efeler hayde"
Fariğ Olmam,"Fariğ olmam meşrebi rindaneden
Yüz çevirmem nafile peymaneden
Zemdekiçe haleti mestaneden
Çıkmam allah etmesin meyhaneden"
Gezdiğim Dikenli Aşk Yollarında,"Gezdiğim dikenli aşk yollarında
Elimden bir kırık saz geldi geçti
Kara talihimden yine bu yıl da
Baharı görmeden yaz geldi geçti

Adını andıkça titrerim hala
Var mı benim gibi aşka müptela
Muhabbet denilen püsküllü bela
Sanmayın başımdan az geldi geçti"
Gördüm Seni Bir Gün,"Gördüm seni bir gün yeni açmış güle döndüm
Coştum şakıyıp aşk okuyan bülbüle döndüm
Bak ayrılığın şimdi karanlık kucağında
Bir bağrı yanık boynu bükük sümbüle döndüm"
Gönül Şarkıları,"Seninle doğan güldür bu gönül
Ah bu gönül şarkıları
Dilimdeki bülbüldür bu gönül
Ah bu gönül şarkıları

Doğdu sevgi tasında gönül
Bir gençlik masasında
İkimiz arasında bu gönül
Ah bu gönül şarkıları

Kavuşmanın tadını
Ayrılık feryadını
Taşır senin adını gönül
Ah bu gönül şarkıları"
Gönlüme Gir Doğ Güneşim,"Gönlüme gir doğ güneşim
Kalbimi yak aşk ateşim
Kimsesizim yoktur eşim
Yandı hayat söndü emel

Koyda yanan bir ışığım
Bir kuruyan sarmaşığım
Kalbe akan hıçkırığım
Yandı hayat söndü emel

İçtim elem ırmağını
Gezdim o sevda bağını
Koklamadan zambağını
Yandı hayat söndü emel"
Gökyüzünde Duman Duman,"Rüzgar susmuş ses vermiyor nedendir
Sen gideli hayat benim çilemdir
Seven gönül yâr kıymeti bilendir
Gökyüzünde duman duman bulutsun
Söyle seni kalbim nasıl unutsun
Ay doğmuyor bulutlara darılmış
Benim gönlüm umutlara sarılmış
Bu aşkımız ağaçlara yazılmış
Gökyüzünde duman duman bulutsun
Söyle seni kalbim nasıl unutsun"
Gözlerin Hayran Bakarmış,"Gözlerin hayran bakarmış görmeyip ısrarımı
Bilmiyor avare gönlün öldüren kalp ağrımı
İstemem bir aşk yeter ben şimdi buldum yarimi
Her sevişmek bir sefer yakmak demektir bağrımı"
Gökyüzünde Yalnız Gezen Yıldızlar,"Gökyüzünde yalnız gezen yıldızlar
Yeryüzünde sizin kadar yalnızım
Bir haykırsam belki duyulur sesim
Ben yalnızım, ben yalnızım, yalnızım
Kaderim bu, böyle yazılmış yazım
Hiç kimsenin aşkında yoktur gözüm
Bir yalnızlık şarkısı söyler sayım
Ben yalnızım, ben yalnızım, yalnızım
Tatmadığım zevk kalmadı dünyada
Hangi kalbe girdimse kaldı izim
Taşa geçer, kendime geçmez sözüm
Ben yalnızım, ben yalnızım, yalnızım"
Gönül Ne İçin,"Gönül ne için ateşlere yansın aman
Hicrinle melül pürkeder mi kalsın aman
Efsus halim mucibi terahhümdür aman
Ben helak oldum o dilber kalsın aman"
Gecenin Matemini,"Gecenin matemini aşkıma örtüp sarayım
Gittin artık seni ben nerde bulup yalvarayım
Şimde ben tıpkı şifasız kanayan bir yarayım
Gittin artık seni ben nerde bulup yalvarıyım"
Geçti Sevdalarla Ömrüm,"Geçti sevdalarla ömrüm ihtiyar oldum bugün
Ak pak olmuş saçlarımla bi karar oldum bugün
Bir muhabbet neşesi ile ilkbahar oldum bugün
Ak pak olmuş saçlarımla bi karar oldum bugün"
Gitme Sana Muhtacım,"Gitme sana muhtacım
Gözümde nursun başımda tacın muhtacım
Beni öldür öyle git
Yaşamak için senin sevgine muhtacım

Muhtacım gözlerine
Muhtacım sözlerine
Uzattım ellerimi
Muhtacım ellerine gitme

Şimdi bomboş ellerim
Seni çağırır yaşlı gözlerim
Muhtacım...

Beni öldür öyle git
Yaşamak için senin sevgine muhtacım

Sensiz bir dünyadayım
Gerçekten uzak bir rüyadayım muhtacım
Beni sensiz dünyadan
Sonsuz rüyadan uyandırda git muhtacım

Muhtacım gözlerine
Muhtacım sözlerine
Ruhumu ısıtacak
Sımsıcak nefesine gitme

Gitme sana muhtacım
Gözümde nursun başımda tacın muhtacım
Beni öldür öyle git
Yaşamak için senin sevgine muhtacım"
Gönlümün İçindedir,"Gönlümün içindedir gözden ırak sevgilim
Çekilmez biçimdedir bu iftirak sevgilim

Gözüm yolda gönlüm sende
Tahammül kalmadı bende
Yok mu acep bir bilen de

Seni nerde bulayım
Gökte mi yerde misin?
Ya kimlerden sorayım
Sonsuz seferde misin?

Sanma ki cefasızım
Aşkımda vefasızım
Sana ilk sözümdeyim sevgilim
Ahdımda riyasızım sevgilim"
Hani Bir Gün Gelecektin,"Hani bir gün gelecektin / Yine beni sevecektin
Benim için ölecektin / Hep sözlerin yalan imiş

Yalancısın, yalancısın
Gönlümü çaldın ansızın

Adadaki o şen günler / Hani nerde o yeminler
Gözüm yolda seni bekler / Hep sözlerin yalan imiş

Yalancısın, yalancısın
Gönlümü çaldın ansızın"
Hatırlar Mısın Beni Bir Zamanlar,"Hatırlar mısın beni bir zamanlar
Ne kadar severdim seni ne kadar
Gözümde güneştin gönlümde bahar
Ne kadar severdim seni ne kadar

Başımda eserdi sevdanın yeli
Hislerim taşkındı, gönlüm bir deli
Böyle derbeder miydim ya evveli
Ne kadar severdim seni ne kadar"
Hatırla Ey Peri,"Hatırla ey peri o mesud geceyi
Çamların altında verdiğin buseyi
Beni mecnun ettin sen de olasın
Aşkımı inkar edersen Allah'tan bulasın

Bana sen öğrettin aşkı sevdayı
Ne çabuk unuttun beni hercai
Beni mecnun ettin sen de olasın
Aşkımı inkar edersen Allah'tan bulasın"
Hicranla Tutuş Bağrımı Yak,"Hicranla tutuş, bağrımı yak, gözyaşın aksın
Hülya dolu akşamda sükun bulmayacaksın
Madem ki gönül şimdi teselliden uzaksın
Hülya dolu akşamda sükun bulmayacaksın"
Hala Yaşıyor Kalbimin En Gizli Yerinde,"Hala yaşıyor kalbimin en gizli yerinde
Bir hatıra ki izleri yıllarca derinde
Hummalı geçen bir gecenin ta seherinde
Bir hatıra ki izleri yıllarca derinde"
Haticem Saçların,"Haticem saçlarını dalga dalga taramış
Tanrı bizi topraktan onu nurdan yaratmış
Gel Hatice Hatice kaçalım gel bu gece
El ayak çekilince bahçeye gel bu gece vay vay vay
Vay benim olasın
Vay vay vay Haticem vay

Güzele doyum olur sana hiç doyum olmaz
Haticem kalk gidelim bizi hiç gören olmaz
Gel Hatice Hatice kaçalım gel bu gece
El ayak çekilince bahçeye gel bu gece vay vay vay
Vay benim olasın
Vay vay vay Haticem vay"
Hançeri Aşkınla,"Hançer-i aşkınla ey yar sinem üzre vurma hiç
Öyle bir derde giriftarım ki halim sorma hiç
Ağladıkça gözlerimden kan gelir yaş yerine
Öyle bir derde giriftarım ki halim sorma hiç"
Her Mevsim İçimden Gelir Geçersin,"Her mevsim içimden gelir geçersin
Sen vefâsız yolcu kalbim viran edersin
Merhaba demeden elveda dersin
Sen vefâsız yolcu kalbim viran edersin"
Hep Ağlattı Beni Kaderim,"Hep ağlattı beni kaderim / Sen yoksun diye derbederim
Nerde o güzel günlerimiz / Şarkılarla söylenecek sevgimiz
Gel yine birleşsin ellerimiz / Söyle sevgilim şimdi nerdesin
Dönmesen bile beni bekle der misin"
Hastayım Yaşıyorum,"Hastayım yaşıyorum görünmez hayalinle
Belki bir gün bir gün diye beklerim ümidi ile
Çürüyor zavallı ruhum aşkının hasretiyle
Belki bir gün bir gün diye beklerim ümidi ile"
Hani Yosun Rengi Gözlerin,"Hani yosun rengi gözlerin olacaktı senin
Hani düşlerime gelecektin yağmurlu bir nisan akşamında
Hani ansızın dönecektin

Yüzümü avucunun içine alıp
Sıcacık bir elveda diyecektin bana gülerek
İsteyerek başladık bu işe diyecektin"
Her Gece Yollarda Gözledim Seni,"Her gece yollarda gözledim seni
İnan ki gönülden özledim seni
Güllerde aradım yakan bûseni
Unutmam sevgilim unutmam seni

Yıllar var bu hasret canıma yetti
Hicranın kalbinde sabrı tüketti
Vefâsız, gör bana aşk neler etti
Unutmam sevgilim unutmam seni"
"Işıl Işıl Gözlerinde, Siyah Saçın Rengimi Var","Işıl ışıl gözlerinde, siyah saçın rengimi var
Yoksa gizli sevda mı ne, söyle bana cici kız

Söyle bana cici kız / Söyle bana cici kız

Ben aşkımı sende buldum evet desen şad olurum
Naz edişin hiç bitmez mi, söyle bana cici kız

Söyle bana cici kız / Söyle bana cici kız

Sevimlisin hem de tatlı, güler yüzün ömre bedel
Sözlerinde gerçek yok mu, söyle bana cici kız

Söyle bana cici kız / Söyle bana cici kız"
İndim Havuz Başına,"İndim havuz başına / Bir kız çıktı karşıma
Sevda nedir bilmeydim / O da geldi başıma
Gelemem ben, gidemem ben
Her güzele gönül veremem ben
Aç kolların sar boynuma
Üşüdüm üşüdüm gelemem ben
Havuz başında durma / Çapkın karşımda durma
Kirpiklerin ok olmuş / Yeter kalbime vurma
Gelemem ben, gidemem ben
Her güzele gönül veremem ben
Aç kolların sar boynuma
Üşüdüm üşüdüm gelemem ben"
İmkansız,"Yıldızlara baktırdım fallarda çıkmıyorsun
Seni görmem imkansız imkansız imkansız rüyalarım olmasa
Pencereden bakmıyor yollara çıkmıyorsun
Seni görmem imkansız imkansız imkansız rüyalarım olmasa 

Yalvarırım mektup yaz beş dakkan ayırda
Su serp yanan bağrıma sağlığını duyurda
Yaban gülü gibisin dağda kırda bayırda
Seni dermem imkansız imkansız imkansız rüyalarım olmasa 

Seviyor özlüyorum seni can pahasına
Bir fırsat ver nolursun nolursun nolursun beni bir daha sına
Bu aşkı söyleyemem senden bir başkasına
Seni sormam imkansız imkansız imkansız rüyalarım olmasa 

Yalvarırım mektup yaz beş dakkanı ayırda
Su serp yanan bağrıma sağlığını duyurda
Yaban gülü gibisin dağda kırda bayırda
Seni dermem imkansız imkansız imkansız rüyalarım olmasa"
İnleyen Nağmeler,"İnleyen nağmeler ruhumu sardı
Bir rüya ki orda hep şarkılar vardı

Uçan kuşlar martılar
Yeşil tatlı bir bahar
Gülen şen sevdalılar vardı

Arzular orada, şevk oradaydı
Bir deniz ki aşk dolu dalgalar vardı

Uçan kuşlar martılar
Yeşil tatlı bir bahar
Gülen şen sevdalılar vardı"
İçimde Nice Uzun Yılların Özlemi Var,"İçimde nice uzun yılların özlemi var
Bu gece efkarlıyım ağla gitar, çal gitar
Bitmesin bu sarhoşluk, sürsün sabaha kadar
Bu gece efkarlıyım ağla gitar, çal gitar"
İçtim Suyunu,"İçtim suyunu şu coşkun derenin
Gülünü kokladım yediverenin
Güneşe karşı hamur serenin
Boyunun bosunun kurbanı oldum
Hey yallah hey yallah yallah yallah ey"
İçin İçin Yanıyor,"İçin için yanıyor yanıyor bu gönlüm
Onun için anıyor anıyor bu gönlüm 

O bir vefasızdı o bir hayırsızdı
Neden gönül anıyor
Açık yeşildi gözü güneş gibiydi yüzü
O çok güzeldi amma yalancının biriydi
Ah unut onu gönlüm unut onu sen de
O bir vefasızdı o bir hayırsızdı
Neden gönül anıyor 

Neden niçin anıyor arıyor bu gönlüm
Onun için soruyor soruyor bu gönlüm
O bir vefasızdı o bir hayırsızdı
Neden gönül anıyor
Açık yeşildi gözü güneş gibiydi yüzü
O çok güzeldi amma yalancının biriydi
Ah unut onu gönlüm unut onu sen de"
"İnan, İnan Ki, Kimse Bana Senin","İnan, inan ki, kimse bana senin gibi bakmadı
Vallahi, billahi kimse beni senin gibi yakmadı
Leyla bile Mecnun'da böyle iz bırakmadı
Vallahi, billahi kimse beni senin gibi yakmadı"
İntizar,"Sakın bir söz söyleme yüzüme bakma sakın
Sesini duyan olur sana göz koyan olur
Düşmanımdır seni kim bulursa cana yakın
Annen bile okşasa benim bağrım taş olur 

Dilerim tanrı'dan ki sana açık kucaklar
Bir daha kapanmadan kara toprakla dolsun
Kan tükürsün adını candan anan dudaklar
Sana benim gözümle bakan gözler kör olsun"
İşte Benim Zeki Müren,"Sevgi dolu bir dünyam var dört yanımda tüm insanlar
Dünya malı neye yarar dostluklarla yaşıyorum
Şiirlerde romanlarda
Gelmiş geçmiş zamanlarda
Tamburlarda kemanlarda şarkılarla yaşıyorum
Sevgilerden nakışlarla mutlu mutsuz bakışlarla
Kalpten kalbe akışlarla alkışlarla yaşıyorum

Ben de sevdim bir zamanlar içimde bin hatıra var
Herkes hayatını yaşar anılarla yaşıyorum
Ne köşklerde ne sarayda
Ne dünyada ne de ayda
Benim yerim çok uzakta dualarla yaşıyorum
Şarkılara duygu seren çilelere göğüs geren
Dertli gönüllere giren işte benim zeki müren

Kimsesizlerin kimsesiziyim kimsesizim
Yalnızların yalnızıyım yalnızım
Dertlilerin dertlisiyim dertliyim
Aşıkların aşkıyım aşıkım
İsmim mesut göbek adım bahtiyar
Yıllarca hep böyle bildiniz siz
Mesut bahtiyardan şarkılar dinlediniz"
Kalplerden Dudaklara Yükselen,"Kalplerden dudaklara yükselen sesi dinle
Bu içten duyuşlarla başbaşayız seninle
Çifte kumrular gibi
Gölgeli derelerde çağlayan sular gibi
Bir ilahi nağmedir gönülden coşar gelir
Ruha kadar yükselir

Sevgiden güzellikten örülmüş hale olur
Dillerde nale olur, gözlerde jale olur
Birleşen dudaklarda gül olur, lale olur
İşte bu hoş terane aşkın sesidir gülüm
O her yerde bahane, aşksız hayat bir ölüm"
Koklasam Saçlarını Bu Gece,"Koklasam saçlarını bu gece ta fecre kadar
Acı duysam gözünün rengine dalsam da senin
Kanatır ruhumu mazide kalan hatıralar
Doyamam ömrüme ben kalbimi çalsam da senin"
Kaderimde Hep Güzeli Aradım,"Kaderimde hep güzeli aradım
İçimdeki sazlar başka söz başka
Hayalimde canlanırken muradım
Duvardaki resim başka sen başka

Gökyüzünde otağ kurdum oturdum
Yeryüzünde hayat başka ruh başka
Bu sevdadan artık bende yoruldum
Yaz yağmuru kış yağmuru bambaşka"
Kederden Mi Neden Bilmem,"Kederden mi neden bilmem sararmış rengi ruhsarın
Senin çün bak nasıl ağlar yanar bu aşıkı zarın
Ağarsa saçların kafi bana çeşm-i füsûnkârın
Senin çün bak nasıl ağlar yanar bu aşıkı zarın"
Kapıldım Gidiyorum,"Kapıldım gidiyorum bahtımın rüzgarına
Ey ufuklar diyorum yolculuk var yarına
Ayrılık görünmüşken yar tutmuyor elimden
Misafirim bugün ben gurbet akşamlarına"
Kanımda Kıvılcım,"Kanımda kıvılcım canımda ateş
Dünyama sen ışık verir gibisin
O asil varlığın meleklere eş
Cennetten süzülüp gelir gibisin

Te re lel le le lel te re lel lel lel li yar
Cennetten süzülüp gelir gibisin

Tükenmez kaynaktır aşkın canımda
Huzurum sonsuzdur varsan yanımda
Neşemde sevinçte heyecanımda
İçimde çağlayan nehir gibisin

Te re lel le le lel te re lel lel lel li yar
Sanadır içimdeki en sıcak hisler

Sevgimiz gönlümde gençliği besler
Aşkınla açılır güller nergisler
Ömrümde çözülmez sihir gibisin

Te re lel le le lel te re lel lel lel li yar
Şefkatin bir başka sevgin bir başka

Sadakat sembolü olmuşsun aşka
Destanlar yazdırır cansın aşıka
Sözlere sığmayan şiir gibisin"
Kimseye Etmem Şikayet,"Kimseye etmem şikayet ağlarım ben halime
Titrerim mücrim gibi baktıkça istikbalime
Perde-i zülmet çekilmiş, korkarım ikbalime
Titrerim mücrim gibi baktıkça istikbalime"
Kız Sen Geldin Çerkeş'ten,"Kız sen geldin Çerkeş'ten / Pek güzelsin herkesten
Farkın yoktur billahi / Lepiska saçlı çerkezden

Annen baban işte bunu bilmezler
Kız seni beylere vermezler

Kız acırım haline / Aldanma el aline
Satsalardı alırdım / Ben seni dünya maline"
Lezzet Almış,"Lezzet almış geçmiyor sevdayı dildardan gönül
Geçti aylar geçti yıllar geçmedi yardan gönül
Var mıdır bir faide bu hale isrardan gönül
Geçti aylar geçti yıllar geçmedi yardan gönül"
Leyla Bir Özge Candır,"Leyla bir özge candır / Kara gözlü ceylandır
Doyulmaz hüsn ü andır / Kanılmaz bir içim su
Leyla,Leyla ah Leyla

Dillerde sözlenen o / Yollarda gözlenen o
Yürekten özlenen o / Her gönülde o arzu
Leyla,Leyla ah Leyla

Aşıklar levend olsa / Sevdalar kemend olsa
Birbirine bend olsa / Ele geçmez o ahu
Leyla,Leyla ah Leyla"
Leylakları Sümbülleri,"Leylakları sümbülleri / Soldurdun gonca gülleri
Aşkla yanan gönülleri / Öksüz koydun sen giderken

Ne bir arzu, ne düş kaldı / Ne safalı gülüş kaldı
Sımsıcak bir öpüş kaldı / Dudağımda sen giderken

Son buluşma serap gibi / Alııp gitti seni benden
Dünya o an durdu sanki / Güneş söndü sen giderken

Ne bir arzu, ne düş kaldı / Ne safalı gülüş kaldı
Sımsıcak bir öpüş kaldı / Dudağımda sen giderken"
Lale Devri,"Sözler:
Çok geç kalmışız canım, vakit bu vakit değil.
Eski radyolar gibi, çatıya saklanmış aşk.
Öyle sanmışız canım, artık ölümsüz değil.
Leyla ile Mecnun gibi, çoktan masal olmuş aşk.

Lale devri çocuklarıyız biz, zamanımız geçmiş.
Aşk şarabından kim bilir en son, hangi şanslı içmiş.

Ben derim utanma iftihar et, sevmeyenler utansın.
Aşksızlığa mahkum edildiyse, bu dünya yansın."
Makber,"Her yer karanlık pür-nûr o mevkî
Magrip mi yoksa makber mi yâ Râb
Yâ habgâh-ı dilber mi yâ Râb
Rüyâ değil bu ayniyle vakî

Kabri çiçekten bir türbe olmuş
Dönmüş o türbe bir haclegâhe
Bir haclegâhe dönmüşse türben
Aç koynunu aç maşukânım ben"
Mevsimler Yas Tutup,"Mevsimler yas tutup çöller ağlasın
Ahımla ihleyen teller ağlasın
Madem ki sen yoksun şimdi yanımda
Leylaklar dökülüp güller ağlasın
Sevgilim bu yerden gittin gideli
Ilgıt ılgıt eser sevdanın yeli
Şu öksüz ruhumun sensin emeli
Leylaklar dökülüp güller ağlasın
Bu aşkın elemi sarmış gönlümü
Rüzgarlar söylesin bu son sözümü
Ne çare kaybettim nazlı gülümü
Leylaklar dökülüp güller ağlasın"
Menekşelendi Sular,"Menekşelendi sular, sular menekşelendi
Esmer yüzlü akşamı dinledim yine sensiz
Leylak pırıltılarla bahçeler gölgelendi
İnledi yine bülbül, olmazmış gül dikensiz

Dikensiz gül olmazmış
Çilesiz bülbül Ayşe
Her kuş bülbül olmazmış
Her çiçek de gül Ayşe

Ne bülbül gülü sevdi seni sevdiğim kadar
Ne böyle seven gönül, ne de senden güzel var
İçli bir özleyişle bırak beni yanayım
Gözlerinde gördüğüm rüyama inanayım

Dikensiz gül olmazmış
Çilesiz gönül Ayşe
Her kuş bülbül olmazmış
Her çiçek de gül Ayşe"
Mehtaplı Gecelerde,"Mehtaplı gecelerde hep seni andım
Belki gelirsin diye boş yere yandım
Yeter Allah'ım yeter çektiğim çile
Belki gelirsin diye boş yere yandım"
Mehtaba Bürünmüş Gece,"Mehtaba bürünmüş gece / Bir gelindir ay duvaklı
Yıldızlar birer bilmece / Kalbim gibi gizli, saklı
Mehtab dalgın, gece ıssız / O da benim gibi yalnız
Susma öyle güzel gece / Söyle, söyle, söyle bana
Nedir bu aşk, bu sevda"
Menekşe Gözler Hülyalı,"Menekşe gözler hülyalı / Bakışları çok manalı
Gönül yakıcı o gözler / Meğer ezelden sevdalı

Gel etme eyleme / Aksi söz söyleme
Beni reddeyleme / Canım gülüm hey

Gözümde tüter durursun / Kalbime hançer vurursun
Sevdayı az çok bilirsin / Aşkıma çare bulursun

Gel etme eyleme / Aksi söz söyleme
Beni reddeyleme / Canım gülüm hey

Yatıp dizinde ağlasam / Gece ve gündüz çağlasam
Billahi sen de acırsın / Aşkıma matem bağlasam

Gel etme eyleme / Aksi söz söyleme
Beni reddeyleme / Canım gülüm hey"
Mihrabım Diyerek,"Mihrabım diyerek sana yüz vurdum
Gönlümün dalında bir yuva kurdum
Yıllardan beridir yalvarıp durdum
Sevgilim demeyi öğretemedim

Gönlünde sevgime yer vermedin de
Yaban güllerini hep derledin de
Ellerin ismini ezberledin de
Bir benim adımı öğretemedim

Sonunda hicranı öğrettin bana
Ben sana sevmeyi öğretemedim"
Meyhanede Kaldık,"Meyhanede kaldık bu gece ah mestiz efendim
Bir şeyle mukayyet değiliz serbestiz efendim
Tanetme bizi sofu gibi gel hosgör efendim
Birşeyle mukayyet değiliz serbestiz efendim"
Maksadım Birazcık Yine Naz Yapmaktı,"Maksadım birazcık yine naz yapmaktı
Gidiyorum deyip, seni yalvartmaktı
Bize oldu olan, darıldık hiç yoktan
Seni bilmem amma, ben pişmanım çoktan

Gitme dön diyesin, istiyordum yine
İnadın tuttu da çağırmadın bile
Bize oldu olan, darıldık hiç yoktan
Seni bilmem amma, ben pişmanım çoktan

Çağırsan dönerim sevinerek sana
İstemem dargınlık inan güzelim bana
Bize oldu olan, darıldık hiç yoktan
Seni bilmem amma, ben pişmanım çoktan"
Mümkün Mü Unutmak Güzelim,"Mümkün mü unutmak güzelim neydi o akşam
Rüya gibi, hülya gibi birşeydi o akşam
İçtik kanarak bir ezeli meydi o akşam
Rüya gibi, hülya gibi birşeydi o akşam"
Muhabbet Bağına,"Muhabbet bağına girdim bu gece
Açılmış gülleri derdim bu gece
Vuslatın çağına erdim bu gece
Muhabbet doyulmaz bir pınar imiş

Ararım , ararım,ararım seni her yerde
Sorarım ıssız gecelerde sevgilim nerde

Açıldı bahtımın gonca gülleri
Gönül bağında öter bülbülleri
Aşkıma sarayım tüm gönülleri
Muhabbet doyulmaz bir pınar imiş

Ararım,ararım,ararım seni her yerde
Sorarım ıssız gecelerde sevgilim nerde"
Muntazır Teşrifine,"Muntazır teşrifine hazır kayık
İnce yaşmakla bu cuma seyre çık
Pembe mantinden feracen pek de şık
İnce yaşmakla bu cuma seyre çık 

Kırma lütfet hatırı mestaneyi
Süslenip tak zülfün üzre saneyi
Eyle ihya semt-i kağıthaneyi
İnce yaşmakla bu cuma seyre çık"
Ne Dert Kalır Ne Hüzün,"Ne dert kalır ne hüzün / Bir sudur akar zaman
Seni ilk gördüğüm gün / Dedim ah benim olsan

Ay değil yıllar geçti / Kavuşmak şimdi bir an
Kış geçti, bahar geçti / Dedim ah benim olsan

Yeter üzme çabuk gel / Uzamasın şu hicran
Bugünlerden çok evvel / Dedim ah benim olsan"
Nasıl Geçti Habersiz,"Nasıl geçti habersiz o güzelim yıllarım
Bazen gözyaşı oldu bazen içli bir şarkı
Her anını eksiksiz dün gibi hatırlarım
Dudaklarımda tuzu içimde durur aşkın

Hani o saçlarına taç yaptığım çiçekler
Hani o güzel gözlü ceylanların pınarı
Hani kuşlar ağaçlar binbir renkli çiçekler
Nasıl yakalamıştık saçlarından baharı

Ben hâlâ o günleri anarsam yaşıyorum
Sanki mutluluğumuz geri gelecek gibi
Hâlâ güzelliğini kalbimde taşıyorum
Dalından koparılmış beyaz bir çiçek gibi

Hani o saçlarına taç yaptığım çiçekler
Hani o güzel gözlü ceylanların pınarı
Hani kuşlar ağaçlar binbir renkli çiçekler
Nasıl yakalamıştık saçlarından baharı"
"Neyleyim Köşkü, Neyleyim Sarayı","Ah edip inlerim gurbet elinde
Uzaktan göründü benim bağlarım
Yine garip kaldım gurbet elinde
Sevgilimi her gün anar ağlarım

Neyleyim köşkü, neyleyim sarayı
İçinde salınan yar olmayınca

Kimsesiz öksüz kaldım bu yerde
Talihim düşürdü beni bu derde
Gözümü kapladı bir kara perde
Evimi yurdumu anar ağlarım

İçinde salınan yar olmayınca
Kimsesiz öksüz kaldım bu yerde"
Ne Zaman Geleceksin,"Ne zaman geleceksin / Bu kaçıncı bahar

Nerde o yeminler / Hani nerde verdiğin sözler
Ne zaman geleceksin / Bu kaçıncı bahar
Ne zaman geleceksin

Seneler geçiyor / Bir ömür bitiyor

Nerde o yeminler / Hani nerde verdiğin sözler
Ne zaman geleceksin / Bu kaçıncı bahar
Ne zaman geleceksin"
Nerelerde Kaldın Ey Servi Nazım,"Nerelerde kaldın ey servi nazım
Bana bir haber ver bu dur niyazım
Hasretinden acep ölmek mi lazım
Bana bir haber ver bu dur niyazım"
Ne Bildim Kıymetin,"Ne bildim kıymetin, ne bildin kıymetim
Reva mı şiddetin, reva mı hiddetin
Zulmeden sen misin, bilmem ki benmiyim
Kader mi, talih mi, ağyar mı, acep kim

Kıskançlık alevi kalplere gireli
Sen deli, ben deli, aşk deli, ruh deli
Severken sen beni, severken ben seni
Bir gurur mahvetti hem seni, hem beni

Ne sensiz bir mekan, ne sensiz heyecan
Vermiyor teselli, ne ümit, ne de can
Sararken gönülü iştiyak an be an
Değer mi bu hasret, bu firkat, bu hicran"
Nereden Sevdim O Zalim,"Nereden sevdim o zalim kadını
Bana zehretti hayatımın tadını
Söylemem sormayın asla adını
Bana zehretti hayatımın tadını"
Neyleyim Neyleyim,"Neyleyim neyleyim ben böyle yari
Ne ağlayabildim ne gülebildim
Gurbet ellerinde ah çeke çeke
Ne huyuma göre yar bulabildim
Yanarım yanarım boşa yanarım
Verseler sevdiğimi güler ağlarım"
Neler Ettin Sen Neler,"Neler ettin sen neler / Senelerce sen bana
Dermanın dertten beter / Derdimi açmam sana

Yapma dedim kaç kere / Yaktın beni boş yere
Avuç açar göklere / Elimi açmam sana

Her gün başka dert olsa / Başıma karlar yağsa
Mahşere dek boş kalsa / Kalbimi açmam sana

Gençliğim geçse boşa / Yazılan gelir başa
Derdimi döker taşa / İçimi açmam sana"
Ne Kadar Sevdiğimin Farkına,"Ne kadar sevdiğimin farkına varmadın mı
Ben de sevdim demeye biraz geç kalmadın mı

Ak düştü saçlarına / Dert girdi yıllarına
Gelmek için yanıma / Biraz geç kalmadın mı

Gözlerime bakmaya, dizlerimde yatmaya
Pişmanlıklar duymaya, biraz geç kalmadın mı

Ak düştü saçlarına / Dert girdi yıllarına
Gelmek için yanıma / Biraz geç kalmadın mı"
Niçin Baktın Bana Öyle,"Niçin baktın bana öyle
Derdin nedir, durma söyle

Durgunsun sular gibi / İçli duygular gibi
Gözlerinde sevda var / Derin uykular gibi

Niçin baktın bana öyle
Derdin nedir, durma söyle

Gül dalında gonca güller / Bülbül sevdasında çiler
Söyle dermanın olayım / Dertli olan devâ diler

Niçin baktın bana öyle
Derdin nedir, durma söyle

Mahzunsun, hayransın / O güzel gözlerle sürmeli ceylansın
Ey hilâl kaşlı, ağlıyor musun, kirpiğin yaşlı
Ben senin nen olayım / Kulun kölen olayım

Niçin baktın bana öyle
Derdin nedir, durma söyle"
Nazlı Bir Çiçek Gibi,"Nazlı bir çiçek gibi / Uçan kelebek gibi
Endamı ipek gibi / Sarıversen ne olur

Baharımsın dalımsın / Peteğimsin balımsın
Sen gönlümün malısın / Bana gelirsen ne olur

İsmimin hecesini / Kalbimin gecesini
Sevda bilmecesini / Çözüversen ne olur"
Odasına Girdim,"Odasına girdim fincan elinde
Saatin kordonu ince belinde 

Kaşları keman keman gözleri yaman 

Odasına girdim ne haller olmuş
Kaşı ile gözü ne yaman uymuş 

Kaşları keman keman gözleri yaman 

İstanbul'la Üsküdar'ın arası
Yaktı beni gözlerin karası 

Kaşları keman keman gözleri yaman"
O Ahu Bakışlara,"O ahu bakışlara bir anda kandın gönül
Neden inandın ona nasıl aldandın gönül
Sen ki her söze kanmaz her vade inanmazdın
Neden inandın ona nasıl aldandın gönül"
Ömrümüzün Son Demi,"Ömrümüzün son demi, sonbaharıdır artık
Maziye bir bakıver, neler neler bıraktık
Küserek ayrılırsak olur inan ki yazık
Maziye bir bakıver, neler neler bıraktık"
Önce Sen Unut,"İlk aşkı unutmak çok kolay deme
Unutmak kolaysa önce sen unut
Ne olursun bunu benden isteme
Unutmak kolaysa önce sen unut

Verdiğimiz sözü sen tut diyorsun
Gönlünü bensiz de avut diyorsun
Bu acı tez geçer unut diyorsun
Unutmak kolaysa önce sen unut 

Bana zor geliyor seni bilemem
Dünyam zindan oldu sensiz gülemem
Ölsem de unuttum bitti diyemem
Unutmak kolaysa önce sen unut 

İlk aşkın ateşi bizi yakarken
Nasıl da ağladık veda ederken
Sen beni ben seni hâlâ severken
Unutmak kolaysa önce sen unut"
Öyle Yeşil Gözleri Vardı,"Bir çift sevdalı bakışın
Aşk ateşi ruhumu sardı
Öyle güzel öyle derin
Öyle yeşil gözleri vardı 

Yıllar yılı gizlediğim
Duygularım birden uyandı
Öyle güzel öyle derin
Öyle yeşil gözleri vardı 

Rüyalarımı süsleyecek
Çok sevecektir diye kandım
Bir bakışa bir gülüşe
Aldanarak aşkına yandım 

Mutsuzluğuma son verecek
Gitmeyecekmiş gibi sandım
Bir bakışa bir gülüşe
Aldanarak aşkına yandım"
Ömrüm Senin Olsun,"Ömrüm senin olsun / Gülüşün gülden güzel
Bakışın ömre bedel / Esirindir bu gönül

Bekletme gel artık gel / Ömrüm senin olsun
Gel biricik meleğim / Senin olmak dileğim

Aşkını söyle bana / Sevdiğini bileyim
Ömrüm senin olsun / Senin olsun bu gönül"
Ömrüm Seni Sevmekle Nihayet Bulacaktır,"Ömrüm seni sevmekle nihayet bulacaktır,
    Yalnız senin aşkın ile ruhum solacaktır.
    Son darbe-i kalbim yine ismin olacaktır

Bu beste, Yesari Asım Arsoy'un güftesi başkasına ait olan az sayıda eserinden biridir . Bu şarkı, Yesari Asım beyin ilk çıkış yaptığı ve zamanında çok ünlenip, dinleme rekorları kıran ilk eserdir. Aynı zamanda, Yesari Asım Arsoy'u hayat mücadelesinden  çekip , sadece müzikle uğraşmasını sağlayacak maddi ortamı da yaratmıştır.
    Eserin bir diğer özelliği ise, şiirin Fıtnat hanım tarafında  Yesari Asım Arsoy için yazildiği ve Fıtnat hanımla üstad arasında bir gönül beraberliği olduğu söylentilerinin şarkıyla birlikte gündeme gelmesidir.
    Bu konu kendisine, yıllar sonra sorulduğunda, cevabı; ''Evet o hanımefendi ile  bir gönül ihtilalimiz olmuştur.''  ifadesidir.."
Pencereden Kuş Uçtu,"Pencereden kuş uçtu
Yandı yürek tutuştu
Bizim de böyle olmamıza
Düşmanlar sebep oldu

Ben bir garip kuş idim
Dalına konmuş idim
Niye de bana kış dedin
Ben senin olmuş idim"
Pencerenin Perdesini,"Pencerenin perdesini aç bana göster yüzünü
Görmek için ben yüzünü dağları aştım da geldim
Ay ışığı ışıldarken bülbül güle fısıldarken
Uzakta kaval çalarken derdine düştüm de geldim
Ben yari görmeye geldim"
Pek Revadır,"Pek revadır sevdiğim ettiklerin
Aşığı günlerce beklettiklerin
Gelmeyip ağyar ile gittiklerin
Gez görüş eğlen sıkılma zevke bak
Bir gelir insan cihana durma çak"
Pek Muzdaribim,"Pek muzdaribim ey güliter zahm-ı dilimden
Ağlar gezerim ayrılalı sen güzelimden
Çok gördü felek şimdi seni aldı elimden
Şebnem yerine kan dökülür didelerimden"
Pişman Olur Da Bir Gün,"Pişman olur da bir gün dönersen bana geri
Gönül kapım açıktır çalmadan gir içeri
Sana sevgiler sonsuz, henüz geçmedi zaman
Gönül kapım açıktır çalmadan gir içeri"
Pencere Açıldı,"Pencere açıldı Bilal oğlan piştov patladı
Varın bakın kanlıda Bilal yine kimi hakladı
Allı yemeni Bilal oğlan pullu yemeni
Bir bahçeden bir bahçeye salla yemeni

Ben sana varmam Bilal oğlan ben sana varmam
Yedi yıl karşımda dursan yine sana yalvarmam
Allı yemeni Bilal oğlan pullu yemeni
Bir bahçeden bir bahçeye salla yemeni"
Rüyalarda Buluşuruz,"Yıllar var ki biz seninle / Bakışarak konuşuruz
Sevdalanmış kalbimizle
Rüyalarda buluşuruz / Bu şarkıyla kavuşuruz

Aşk gülümüz solsa bile / Gözümüz yaş dolsa bile
Zaman geçmiş olsa bile
Rüyalarda buluşuruz / Bu şarkıyla kavuşuruz"
Rüzgar Söylüyor Şimdi,"Rüzgar söylüyor şimdi o yerlerde
Bizim eski şarkımızı
Vaz geç söyleme artık hatırlatma
Mazideki aşkımızı 

Bir kış günüydü başladı
Bu hazin macerası ömrümüzün
Vaz geç söyleme artık hatırlatma
Mazideki aşkımızı"
Ruhuma Gecenin Matemi Doldu,"Ruhuma gecenin matemi doldu
Ben şimdi derdimle bir kırık ney'im
Ümidim kırldı bir hayal oldu
Kimsesiz yollarda kalan gölgeyim

Bilmem ki derdimi kime yanayım
Kime yalvarayım / Ah / Kimi anayım
Bir zaman benimde baharım vardı
Gülerdim içimde güller açardı
Şimdi herşey bitti gönlüm karardı
Kimsesiz yollarda kalan gölgeyim"
Rüzgar Kırdı Dalımı,"Rüzgar kırdı dalımı ellerin günahı ne
Ben yitirdim yolumu yolların günahı ne
Ne kış dedim ne bahar içtim sabaha kadar
Erken ağardı saçlar yılların günahı ne 

Hep yar peşinde koştum
Ben küstüm ben barıştım
Kendim dillere düştüm ellerin günahı ne"
Rüya Gibi Uçan Yıllar,"Rüya gibi uçan yıllar biraz durun durun biraz
Kaybolan günlerim için hesap sorun sorun biraz
Güzel bir kumral uğruna küstüm esmer beyazlara
Bu akılsız garip başa şimdi vurun vurun biraz"
Rüzgar Uyumuş,"Rüzgar uyumuş ay dalıyor her taraf ıssız
Ölgün bakıyor varsa uzak bir iki yıldız
Bak çıt bile yok korkma benim bahçede yalnız
Ey gözlerinin rengi kadar rengi kadar kalbi güzel kız 

Meftunun olan gözlerim endamını görsün
Kumral saçının üstüne busem de taç örsün
Aşkın ezeli saltanatından bu yüksek
Ey gözlerinin rengi kadar rengi kadar kalbi güzel kız"
Sarı Kurdelam Sarı,"Sarı kurdelam sarı / Dağlara saldım yâri
Dağlar kurbanın olam / aman ah ah ah
Tez gönder nazlı yâri
Yandım ey ey vallah yandım esmerim
Ben esmeri badem ile, ben esmeri fıstık ile
Ben esmeri fındık ile beslerim
İpek kuşak beldedir / Saçakları yerdedir
Dünyayı güzel asla / anam ah ah ah
Vallahi gönlüm sendedir
Yandım ey ey vallah yandım esmerim
Ben esmeri badem ile, ben esmeri fıstık ile
Ben esmeri fındık ile beslerim"
Seni Ben Unutmak İstemedim Ki,"Seni ben unutmak istemedim ki
Uzayan yollara neden inandın
Sevenler verdiği sözden döner mi?
O yalan yıllara neden inandın ?

Seni unutsaydım bekler miydim hiç?
Bir derdime bin dert ekler miydim hiç?
Şu sonsuz hasreti kalbime koyup
Bir ömür boyu ah çeker miydim hiç?

Bana sen uzaktan sitem ettikçe
Benim ümitlerim elimden tutmaz
O yalan sözlere sakın inanma
Seneler geçse de seven unutmaz"
Saçların Tarümâr,"Saçların tarümâr, gözlerinde nem
Ateşe benzerdin küle dönmüşsün
Hayal mi gerçek mi gördüğüm bilmem
Elden ele gezen güle dönmüşsün

Bir eser kamamış eski halinden
Yazık geçmez akçe, pula dönmüşsün
Hayâl mi gerçek mi gördüğüm bilmem
Elden ele gezen güle dönmüşsün"
Sazlar Çalınır,"Sazlar çalınır Çamlıca'nın bahçelerinde
Bülbül sesi var şarkıların nağmelerinde
Bir taze emel var şu kızın handelerinde
Bülbül sesi var şarkıların nağmelerinde"
Sarı Güller,"Unutmadım seni bir an / Bir alevsin kalpte yanan
Akıp duran zalim zaman / Söyler bizim şarkımızı 

Neydi canım ah o günler / Mehtap, sen ve sarı güller

Aşkla dolu yaşlı gözler / O günleri, seni özler
Kalbimizde kalan izler / Söyler bizim şarkımızı

Neydi canım ah o günler / Mehtap sen ve sarı güller

Kenetlenmiş aşık eller / Saçlarında ki gümüş teller
Çardaklarda sarı güller / Söyler bizim şarkımızı

Neydi canım ah o günler / Mehtap, sen ve sarı güller"
Sahilde O Hoş Buseleri Aldığım Akşam,"Sahilde o hoş buseleri aldığım akşam
Kalbim o dudaktan tutuşup yandığım akşam
Üç tel saçına hasta, kırık sazıma taktığım
Mızrap tutuşur aşkını her çaldığım akşam"
Senden Bilirim,"Senden bilirim yok bana bir faide ey gül
Gülyağını eller sürünür çatlasa bülbül
Etsemde abestir sitemi hare tehammül
Gülyağını eller sürünür çatlasa bülbül"
Seni Sordum Yıldızlara,"Mevsimlerden ilkbaharken gönüllere aşk dolarken
Sevenler bir eş ararken neden benden kaçıverdin
Seni sordum yıldızlara
Seni sordum yalnızlara
Seni sordum kuşlara uçan kuşlara 

Hani beni seviyordun yalnız benle gülüyordun
Yokluğumda özlüyordun neden benden bıkıverdin
Seni sordum yıldızlara
Seni sordum yalnızlara
Seni sordum kuşlara uçan kuşlara"
Sen Bu Yerden Gideli,"Sen bu yerden gideli ey saçı zer
Seni söyler bana dağlar dereler
Gayret-i âhım ile bâd inler
Seni söyler bana dağlar dereler"
Sarahaten Acaba Söylesem,"Sarahaten acaba söylesem darılmaz mı
Darılmak adeti bilmem ki çapkının naz mı
Desem ki ben seni...yok dinlemez ki hiddet eder
Niçin, bu sözlerde ne var sanki, hiddet etse ne der
Desem ki ben seni pek...ya kızar konuşmazsa
Derim bu çektiğim insaf edin eğer azsa
Desem ki ben seni pek çok...hayır kızar bilirim
Tereddüdüm acaba hiddetinden az mı elim
Desem ki ben seni pek çok...sakın gücenme emi
Sakın gücenme eğer anladınsa sevdiğimi"
Sen Kimseyi Sevemezsin,"Sen kimseyi sevemezsin, sevmeyeceksin
Rüzgarların önünde kuru bir yaprak gibi sürükleneceksin
Şefkat nedir, aşk nedir, ömrünce bilmeyeceksin
Rüzgarların önünde kuru bir yaprak gibi sürükleneceksin"
Sana Bilmem Ki Neden Hiç Doyamam,"Sana bilmem ki neden hiç doyamam
Seni yıllarca da sevsem doyamam
Seni bir yıl göremezsem yaşayamam
Seni yıllarca da sevsem doyamam"
Şu Gelen Atlı Mıdır,"Şu gelen atlı mıdır,yavrum sorun Bağdatlı mıdır
Her gelen yari sorar,yavrum yar bu kadar tatlı mıdır
Coştum yine dalgalanıyorum ben
Yeni yeni sevdalanıyorum ben

Şu gelen kimin kızı,yavrum yanakları kırmızı
Gerdanında beni var,yavrum sandım seher yıldızı
Coştum yine dalgalanıyorum ben
Yeni yeni sevdalanıyorum ben"
Şimdi Uzaklardasın,"Şimdi uzaklardasın gönül hicranla doldu
Hiç ayrılamam derken kavuşmak hayal oldu
Sevda bahçelerinin çiçekleri hep soldu
Hiç ayrılamam derken kavuşmak hayal oldu"
Şu Seven Kalbin Feryadını Duy,"Şu seven kalbin feryadını duy bir gece olsun
Ses ver ne olur tatlı sesinle acılar dursun
Larşımda senin gül renkli yüzün ay gibi doğsun
Güldür beni de, güldüğüm akşam son gecem olsun"
Şu Dağları Delmeli,"Şu dağları delmeli un edip elemeli
İçerim kan ağlıyor yarimi görmeyeli
Uyu demeye geldim yari görmeye geldim
Yavrum yaren nerende melhem olmaya geldim 

Şu dağın arkasından öldüm yar sevdasından
El edip çağırsaydı giderdim arkasından
Uyu demeye geldim yari görmeye geldim
Yavrum yaren nerende melhem olmaya geldim"
Şu Güzeller Güzeli,"Şu güzeller güzeli / Yar gibi geldi bana
Gözlerinde bir mana / Var gibi geldi bana

Bir münasip zamanda / Mesela saat onda
Buluşalım Kordon'da / Der gibi geldi bana

Gel benim gonca gülüm / Kalmadı tahammülüm
Sensiz hayat İzmirlim / Zor gibi geldi bana"
Şarkılardan Fal Tuttum,"Şarkılardan fal tuttum ikimize kaç kere
Sana bahar gül bülbül bana hep hasret düştü
Dua ettim kaç gece avuç açıp göklere
Sana neş'e mutluluk bana hep hasret düştü"
Şarab İç Gülfeminde Güller Açılsın,"Şarab iç gülfeminde güller açılsın
Bırak zülfün zerendüdun saçılsın
Utandır necmi giysudarı gökte
Bırak zülfün zerendüdun saçılsın"
Şarkılar Seni Söyler,"Şarkılar seni söyler, dillerde nağme adın
Aşk gibi, sevda gibi huysuz ve tatlı kadın
En güzel günlerini demek bensiz yaşadın
Aşk gibi, sevda gibi huysuz ve tatlı kadın"
Şu Dağlar Ulu Dağlar,"Şu dağlar ulu dağlar etekleri buz bağlar
Yarim gitti gurbete içim durmaz kan ağlar
Yüreğimde bu acı yok mu bunun ilacı
Giymek nasip olmadı bana evlilik tacı

Olmaz olsun bu gurbet,ben, buldu akıbet
Yardan haber getiren,bulsun Tanrıdan nimet
Yüreğimde bu acı yok mu bunun ilacı
Giymek nasip olmadı bana evlilik tacı"
Tadı Yok Sensiz Geçen,"Tadı yok sensiz geçen ne baharın ne yazın
Kalmadı tesellisine şarkının ne sazın
Sarıldım kadehlere derman olur diyerek
Kalmadı tesellisi ne şarkının ne sazın"
Tel Tel Taradım Zülfünü,"Tel tel taradım zülfünü
Tellerine gül bağladım
Ğöğsündeki gonca gülün
Yaprağına bel bağladım
Teneni tennennennenni yar
Yaprağına gül bağladım

Girdim bir gül bahçesine
Gül topladım bohçasına
Mail oldum lehçesine
Divan durup el bağladım
Teneni tennennennenni yar
Yaprağına gül bağladım"
Tac Olsan Başıma Takmayacağım,"Tac olsan başıma takmayacağım
Gözümde nur olsan bakmayacağım
Yoluna adaklar yakmayacağım
Tövbeler tövbesi

Derdine göğsümü germeyeceğim
Bağrımı yoluna sermeyeceğim
Rüyamda sana yer vermeyeceğim
Tövbeler tövbesi

Sinemde kor olsan yanmayacağım
Bin yemin etsen de kanmayacağım
Seni hiç bir zaman anmayacağım
Tövbeler tövbesi

Kahretsen bana dön demeyeceğim
Ecel ol sana baş eğmeyeceğim
Ve senden başka da sevmeyeceğim
Tövbeler tövbesi"
Tanrım Beni Baştan Yarat,"Gülmeyecek bu yüzü
Neden verdin bana yarab
Ya birazcık neşe ver
Ya beni baştan yarat

Hep terketti sevdiklerim
Paramparça dünyam benim

Baştan yarat ellerimi
Baştan yarat gözlerimi
Baştan yaz şu kaderimi
Yarab beni baştan yarat

Sende kaldı dileklerim
Paramparça dünyam benim

Yaktın bağrımda közleri
Dinlettin acı sözleri
Verdin bu ağlar gözleri
Yarab beni baştan yarat

Boşa gitti emeklerim
Paramparça dünyam benim

Sabır taşı yaptın beni
Her belaya kattın beni
Ne yapayım böyle beni
Tanrım beni baştan yarat

Hep terketti sevdiklerim
Paramparça dünyam benim"
Tez Geçse De,"Tez geçse de her sevgide bin hatıra vardır
Sevda denilen şey yaşanan hatıralardır
Sevmek te sevilmek te bahar ömrü kadardır
Sevda denilen şey yaşanan hatıralardır"
Telgrafın Telleri,"Telgrafın tellerine kuşlar mı konar
Herkes sevdiğine yavrum böyle mi yanar
Yanıma gel yanıma da yâr yanıbaşıma
Şu gençlikte neler geldi cahil başıma

Telgrafın tellerini arşınlamalı
Yar üstüne yar seveni kurşunlamalı
Yanıma gel yanıma da yâr yanıbaşıma
Şu gençlikte neler geldi cahil başıma

Telgrafın direkleri semaya bakar
O senin mahrum bakışın çok canlar yakar
Yanıma gel yanıma da yâr yanıbaşıma
Şu gençlikte neler geldi cahil başıma"
Unuturum Diye Yorma Kendini,"Unuturum diye yorma kendini
Her sevenle beni bir tutamazsın
Bu kadar yürekten sevmişken seni
Öyle kolay değil, unutamazsın

Yıllar sonra birgün seni anarsam
Kulakların değil, kalbin çınlasın
Ardından bakıp da öylece kalan
Gözlerimde donmuş iki damlasın

Ahımın rüzgari üşütür seni
Benden başkasına ısınamazsın
Yorgun şarkılarda anarsın beni
Öyle kolay değil, unutamazsın

Yıllar sonra birgün beni anarsan
Kulakların değil, kalbin çınlasın
Ardından bakıp da öylece kalan
Gözlerimde donmuş iki damlasın"
Unutturamaz Seni Hiç Bir Şey,"Unutturamaz seni hiç bir şey unutulsam da ben
Her yerde sen, her şeyde sen, bilmem ki nasıl söylesem
Bir sisli hazan kesilir ruhum eğer görmesem
Neşem de sen, hüznüm de sen, bilmem ki nasıl söylesem"
Unutmadım Seni Ben,"Unutmadım seni ben unutmadım her zaman kalbimdesin
Aylar yıllar geçti söyle sen nerdesin
Anlaşıldı sen geri dönülmeyen yerdesin
Anlaşıldı sen geri dönmeyeceksin
Unutmadım unutamadım seni ben her zaman bendesin"
Ufacıktın Tefeciktin,"Ufacıktın tefeciktin
Yemyeşil, yemyeşil gözlerin vardı
Aşkı inkar edişinde bile
Bir güzellik bir zerafet bir incelik vardı
Ufacıktın tefeciktin sevgilim
Sende bir başkalık vardı
Bir bahar günüydü
Bıraktın ellerimi
Dedin ki artık elveda
Elveda, elveda sevgilim sana elveda
Sebep dedim, gülümsedin
Dedim ki, aşkından daha güzel hasretin
Ne zaman bahar gelse
Sen gelirsin aklıma
Yeşil gözlerin gelir, aşkı inkarın gelir
Ufacıktın tefeciktin sevgilim
Sende bir başkalık vardı"
Uyur Daim Uyanmazdı,"Uyur daim uyanmazdı benim bahtı siyehkarım
Arar bulmazdı asla habı rahat çeşmi bidarım
Açıldı goncai matlub yine şenlendi gülzarım
Arar bulmazdı asla habı rahat çeşmi bidarım"
Üsküdar'a Gider İken,"Üsküdar'a gider iken aldı da bir yağmur
Katibimin setresi uzun, eteği çamur
Katip uykudan uyanmış, gözleri mahmur
Katip benim, ben katibin, el ne karışır
Katibime kolalı da gömlek ne güzel yaraşır

Üsküdar'a gider iken bir mendil buldum
Mendilimin içine lokum doldurdum
Katibimi arar iken yanımda buldum
Katip benim, ben katibin, el ne karışır
Katibime kolalı da gömlek ne güzel yaraşır"
Üzüldüğün Şeye Bak,"Aşk rüyadır çok zaman
Olduğu gibi bırak
Tek sen misin ayrılan
Üzüldüğün şeye bak 

Bakıp bakıp resmine türkü yakıp ismine
Dert ekleyip derdine üzüldüğün şeye bak 

Olmasada çok güzel
Sevgisi bana yeter
Yok yok deyip bir haber
Üzüldüğün şeye bak 

Bakıp bakıp resmine türkü yakıp ismine
Dert ekleyip derdine üzüldüğün şeye bak 

Belki güzel bir peri
Yok mu onun benzeri
Dert etmeye değer mi
Üzüldüğün şeye bak"
Vücud İkliminin Sultanısın Sen,"Vücud ikliminin sultanısın sen
Efendim derdimin dermanısın sen
Bu cismi natüvanın canısın sen
Efendim derdimin dermanısın sen"
Veda,"Hani o bırakıp giderken seni
Bu öksüz tavrını takmayacaktın
Alnına koyarken veda buseni
Yüzüme bu türlü bakmayacaktın 

Gelse de en acı sözler dilime
Uçacak sanırım bir kaç kelime
Bir alev halinde düştün elime
Hani ey gözyaşım akmayacaktın"
Vardar Ovası,"Mayadağdan kalkan kazlar
Al topuklu beyaz kızlar
Yarimin yüreği sızlar
Eğlenemem aldanamam
Ben bu yerlerde duramam
Vardar ovası Vardar ovası
Kazanamadım sıla parası 

Mayadağın yıldızıyım
Ben annemin bir kızıyım
Efendimin sağ gözüyüm
Eğlenemem aldanamam
Ben bu yerlerde duramam
Vardar ovası Vardar ovası
Kazanamadım sıla parası"
Viran Olan Kalbimde,"Viran olan kalbimde sevgilimi özlerim
Şu gönlümün kahrını sen çekersin gözlerim
Sende duydum aşkımı yine sende gizlerim
Şu gönlümün kahrını sen çekersin gözlerim"
Yüreğime Gömdüm Seni,"Yüreğime gömdüm seni / Mazi oldu her hatıran
Unut artık sen de beni / Yak ne varsa benden kalan

Ne mektubun, resmim kalsın
Ne gül dudak ismim ansın
Gözün bir an ufka dalsın
Yak ne varsa benden kalan

Son resmimi seyret bir an / Gülecektim sana inan
Son defa öp yanağımdan / Yak ne varsa benden kalan"
Yangın Olur Biz Yangına Gideriz,"Yangın olur biz yangına gideriz
Düz ovada keklik gibi sekeriz
Yokuşlarda şahin gibi uçarız
Sandık sandıklar içinde çok şanımız var
Hazret-i Mevlâya yalvarmamız var"
Yine Bu Yıl Ada Sensiz İçime Sinmedi,"Yine bu yıl ada sensiz içime sinmedi
Dilde yalnız dolaşdım hep gözyaşlarım dinmedi
Bende şaştım nasıl oldu yüreğime inmedi
Dilde yalnız dolaşdım hep gözyaşlarım dinmedi"
Yürü Dilber Yürü,"Yürü dilber yürü ömrümün vârı
Eridi kalmadı dağların karı / aman
Aman aman sürmelim aman
Günde onbeş kere gördüğüm yârı
Aylar yıllar geçti de göremez oldum aman
Aman aman sürmelim aman
Hey hey / kaşlar kara gözler ela
Üveyk de gözlere ben yandım
Aman aman sürmelim aman
Şu dağın başında bir top kar idim
Yağmur yağdı, güneş vurdu eridim / aman
Aman aman sürmelim aman
Evvel yârın sevgilisi ben idim
Şimdi uzaklardan bakan ben oldum / aman
Aman aman sürmelim aman
Hey hey / kaşlar kara gözler ela
Üveyk de gözlere ben yandım
Aman aman sürmelim aman"
Yollarına Gül Döktüm,"Yollarına gül döktüm gelir de geçer diye
Geçmedin boynum büktüm başka yar seçer diye
Menekşe,lale,hanımeli,güzel huyun yoktur bedeli
Sana gönül verdim vereli sararıp soldum aman

Aşkı içtim elinle,kalbim doldu seninle
Geçti ömrüm derdinle benden vazgeçer diye
Menekşe,lale,hanımeli,güzel huyun yoktur bedeli
Sana gönül verdim vereli sararıp soldum aman"
Yemeni Bağlamış Telli Başına,"Yemeni bağlamış telli başına / Zülüfleri düşmüş hilal kaşına
Henüz girmiş onüç-ondört yaşına / Edalı, işveli köylü güzeli

Gel seni, köylü kız, alıp kaçayım / Telli duvağına altın saçayım
Seni bu diyardan alıp kaçayım / Gözleri sürmeli köylü güzeli"
Yalan Yalan Değil,"Yalan yalan değil pek kolay olmayacak unutmak
Öyle zor öyle zor ki seni içimden atmak
İstemem o günahkar ellerini bir daha
Ellerime alıpta ne öpmek ne okşamak
Öyle zor öyle zor ki seni içimden atmak"
Yemin Ettim Bir Kere,"Yemin ettim bir kere dönmem geri, bunu bil
Hatırandan ismimi, hayalinden beni sil
Çok ağlattın beni sen, aşkım oyuncak değil
Hatırandan ismimi, hayalinden beni sil"
Yıllardır Bekliyorum,"Yıllardır bekliyorum, bir gün dönersin diye
Neden bağlandı gönül vefasız sevgiliye
Kalbimdeki aşkını hayalimle süsledim
İnana bana güzelim seni candan özledim

Çoktandır hasretinle inliyor dertli gönül
Izdırapla mı geçsin böylece benim ömrüm
Kalbimdeki aşkını hayalimle süsledim
İnana bana güzelim seni candan özledim"
Yıllar Ne Çabuk,"Yıllar ne çabuk geçti o günler arasından
Bir tel saç onun kaldı bütün hatırasından
Hâlâ duyarım bin sızı her yarasından
Bir tel onun kaldı bütün hatırasından"
Yıldızlı Semalardaki Haşmet,"Yıldızlı semalardaki haşmet ne güzel şey
Mehtaba dalıp yar ile sohbet ne güzel şey
Dünyamızın üstünde bütün ruhlar uyurken
Dünyada senin aşıgın olmak ne saadet
Bir bitmeyecek aşkı muhabbet ne güzel şey
Yıldızların altında ibadet ne güzel şey"
Zeytin Gözlüm,"Zeytin gözlüm sana meylim nedendir
Bu sevmenin kabahati kimdedir
Gül olmuşsun dikenlerin bendedir
Zeytin gözlüm uzaklarda işin ne
Şarkıları düşürürüm peşine

Zeytin gözlüm özlem ektim yollara
Rast gelirsen halimi sor onlara
Gül kurusu akşamlar senden yana
Zeytin gözlüm uzaklarda işin ne
Şarkıları düşürürüm peşine"